ano_ingresso,ano_nasc,ano_referencia,atingiu_pv,ativo_inativo,avaliador_1,avaliador_2,avaliador_3,avaliador_4,avaliador_5,avaliador_6,cf,cg,ct,defasagem,destaque_ida,destaque_ieh,destaque_ipv,escola,fase,fase_ideal,genero,iaa,ian,ida,idade,ieg,inde_2023,inde_2024,inde_22,inde_23,indicado,ingles,instituicao_de_ensino,ipp,ips,ipv,matematica,num_av,pedra_20,pedra_2023,pedra_2024,pedra_21,pedra_22,pedra_23,portugues,rec_av1,rec_av2,rec_av3,rec_av4,rec_psicologia,turma,inde,pedra,genero_NUM,pedra_20_NUM,pedra_2023_NUM,pedra_2024_NUM,pedra_21_NUM,pedra_22_NUM,pedra_23_NUM,pedra_NUM,risco_evasao,classificacao,predicao
2021,2012.0,,1,,Avaliador-13,Avaliador-3,,,,,92.0,316.0,4.0,-2.0,Melhorar: Empenhar-se mais nas aulas e avaliações.,Destaque: A sua boa entrega das lições de casa.,Destaque: A sua boa integração aos Princípios Passos Mágicos.,,0.0,Fase 2 (5º e 6º ano),Feminino,9.0,5.0,7.3,12.0,9.0,,7.7730935185,7.485,7.5595,Não,6.7,Escola Pública,7.5,5.6,8.583,7.8,2.0,,Ametista,Ametista,Ametista,Ametista,,6.7,Promovido de Fase,Promovido de Fase,Não avaliado,,Sem limitações,J,7.485,,1,0.0,2.0,2.0,2.0,2.0,0.0,0.0,0.9988677687665185,Alto,1
2022,2013.0,,1,,Avaliador-13,Avaliador-3,,,,,37.0,131.0,1.0,-1.0,Destaque: As suas boas notas na Passos Mágicos.,Destaque: A sua boa entrega das lições de casa.,Destaque: A sua boa integração aos Princípios Passos Mágicos.,,0.0,Fase 1 (4º ano),Feminino,9.5,5.0,9.0,12.0,9.2,,7.7730935185,8.058,7.5595,Não,6.7,Escola Pública,7.5,5.6,9.167,8.5,2.0,,Ametista,Ametista,,Ametista,,9.5,Promovido de Fase,Promovido de Fase,Não avaliado,,Sem limitações,J,8.058,,1,0.0,2.0,2.0,0.0,2.0,0.0,0.0,0.998637071410466,Alto,1
2022,2011.0,,1,,Avaliador-4,Avaliador-2,,,,,64.0,249.0,1.0,-1.0,Destaque: As suas boas notas na Passos Mágicos.,Destaque: A sua boa entrega das lições de casa.,Destaque: A sua boa integração aos Princípios Passos Mágicos.,,1.0,Fase 2 (5º e 6º ano),Feminino,8.5,5.0,7.5,12.0,9.3,,7.7730935185,7.665,7.5595,Não,6.7,Escola Pública,7.5,6.9,8.417,6.8,2.0,,Ametista,Ametista,,Ametista,,8.2,Mantido na Fase atual,Promovido de Fase,Não avaliado,,Sem limitações,F,7.665,,1,0.0,2.0,2.0,0.0,2.0,0.0,0.0,0.9983692248551083,Alto,1
2022,2011.0,,1,,Avaliador-4,Avaliador-2,,,,,43.0,185.0,3.0,-1.0,Melhorar: Empenhar-se mais nas aulas e avaliações.,Destaque: A sua boa entrega das lições de casa.,Destaque: A sua boa integração aos Princípios Passos Mágicos.,,1.0,Fase 2 (5º e 6º ano),Masculino,9.0,5.0,7.4,12.0,9.0,,7.7730935185,7.856,7.5595,Sim,6.7,Escola Pública,7.5,7.5,8.833,9.5,2.0,,Ametista,Ametista,,Ametista,,5.3,Promovido de Fase + Bolsa,Promovido de Fase,Não avaliado,,Sem limitações,H,7.856,,0,0.0,2.0,2.0,0.0,2.0,0.0,0.0,0.9983246202978988,Alto,1
2022,2013.0,,1,,Avaliador-13,Avaliador-3,,,,,24.0,92.0,1.0,-1.0,Destaque: As suas boas notas na Passos Mágicos.,Destaque: A sua boa entrega das lições de casa.,Destaque: A sua boa integração aos Princípios Passos Mágicos.,,0.0,Fase 1 (4º ano),Masculino,10.0,5.0,8.8,12.0,9.2,,7.7730935185,8.179,7.5595,Não,6.7,Escola Pública,7.5,7.5,8.833,8.8,2.0,,Ametista,Ametista,,Topázio,,8.8,Promovido de Fase,Promovido de Fase,Não avaliado,,Não atendido,U,8.179,,0,0.0,2.0,2.0,0.0,3.0,0.0,0.0,0.9983241255738506,Alto,1
2022,2012.0,,1,,Avaliador-5,Avaliador-2,,,,,39.0,160.0,2.0,-1.0,Destaque: As suas boas notas na Passos Mágicos.,Destaque: A sua boa entrega das lições de casa.,Destaque: A sua boa integração aos Princípios Passos Mágicos.,,1.0,Fase 2 (5º e 6º ano),Masculino,9.5,5.0,7.8,12.0,9.1,,7.7730935185,7.929,7.5595,Não,6.7,Escola Pública,7.5,7.5,8.833,8.0,2.0,,Ametista,Ametista,,Ametista,,7.5,Mantido na Fase atual,Promovido de Fase,Não avaliado,,Não atendido,U,7.929,,0,0.0,2.0,2.0,0.0,2.0,0.0,0.0,0.9982166987562842,Alto,1
2020,2011.0,,1,,Avaliador-4,Avaliador-2,,,,,18.0,81.0,2.0,-1.0,Destaque: As suas boas notas na Passos Mágicos.,Destaque: A sua boa entrega das lições de casa.,Destaque: A sua boa integração aos Princípios Passos Mágicos.,,1.0,Fase 2 (5º e 6º ano),Feminino,10.0,5.0,8.5,12.0,9.2,,7.7730935185,8.22,7.5595,Sim,6.7,Escola Pública,7.5,7.5,8.833,9.0,2.0,Topázio,Ametista,Ametista,Ametista,Topázio,,8.0,Promovido de Fase + Bolsa,Promovido de Fase,Não avaliado,,Sem limitações,H,8.22,Topázio,1,3.0,2.0,2.0,2.0,3.0,0.0,3.0,0.9981522857864934,Alto,1
2022,2012.0,,1,,Avaliador-4,Avaliador-2,,,,,19.0,85.0,2.0,-1.0,Destaque: As suas boas notas na Passos Mágicos.,Destaque: A sua boa entrega das lições de casa.,Destaque: A sua boa integração aos Princípios Passos Mágicos.,,1.0,Fase 2 (5º e 6º ano),Masculino,9.5,5.0,9.1,12.0,9.2,,7.7730935185,8.2,7.5595,Sim,6.7,Escola Pública,7.5,7.5,8.556,8.3,3.0,,Ametista,Ametista,,Topázio,,9.8,Promovido de Fase,Promovido de Fase,Promovido de Fase + Bolsa,,Sem limitações,L,8.2,,0,0.0,2.0,2.0,0.0,3.0,0.0,0.0,0.9980994703595996,Alto,1
2021,2011.0,,1,,Avaliador-4,Avaliador-2,,,,,44.0,186.0,4.0,-1.0,Destaque: As suas boas notas na Passos Mágicos.,Destaque: A sua boa entrega das lições de casa.,Destaque: A sua boa integração aos Princípios Passos Mágicos.,,1.0,Fase 2 (5º e 6º ano),Feminino,8.0,5.0,8.0,12.0,9.0,,7.7730935185,7.855,7.5595,Não,6.7,Escola Pública,7.5,7.5,8.75,8.3,2.0,,Ametista,Ametista,Ametista,Ametista,,7.7,Promovido de Fase,Promovido de Fase,Não avaliado,,Sem limitações,H,7.855,,1,0.0,2.0,2.0,2.0,2.0,0.0,0.0,0.9980074755472832,Alto,1
2021,2011.0,,1,,Avaliador-13,Avaliador-3,,,,,25.0,94.0,2.0,-2.0,Destaque: As suas boas notas na Passos Mágicos.,Destaque: A sua boa entrega das lições de casa.,Destaque: A sua boa integração aos Princípios Passos Mágicos.,,0.0,Fase 2 (5º e 6º ano),Masculino,9.0,5.0,8.8,12.0,9.2,,7.7730935185,8.172,7.5595,Não,6.7,Escola Pública,7.5,7.5,8.917,9.3,2.0,,Ametista,Ametista,Ametista,Topázio,,8.2,Promovido de Fase,Promovido de Fase,Não avaliado,,Não atendido,L,8.172,,0,0.0,2.0,2.0,2.0,3.0,0.0,0.0,0.9979893623820036,Alto,1
2020,2009.0,,1,,Avaliador-7,Avaliador-3,,,,,23.0,108.0,2.0,-2.0,Destaque: As suas boas notas na Passos Mágicos.,Destaque: A sua boa entrega das lições de casa.,Destaque: A sua boa integração aos Princípios Passos Mágicos.,,1.0,Fase 3 (7º e 8º ano),Masculino,9.0,5.0,9.2,12.0,9.2,,7.7730935185,8.121,7.5595,Sim,6.7,Escola Pública,7.5,7.5,8.556,9.2,3.0,Ametista,Ametista,Ametista,Ametista,Topázio,,9.2,Promovido de Fase,Promovido de Fase,Promovido de Fase + Bolsa,,Não atendido,M,8.121,Ametista,0,2.0,2.0,2.0,2.0,3.0,0.0,2.0,0.9979701303394864,Alto,1
2019,2012.0,,1,,Avaliador-7,Avaliador-3,Avaliador-15,,,,9.0,56.0,1.0,-1.0,Destaque: As suas boas notas na Passos Mágicos.,Destaque: A sua boa entrega das lições de casa.,Destaque: A sua boa integração aos Princípios Passos Mágicos.,,1.0,Fase 2 (5º e 6º ano),Masculino,10.0,5.0,8.9,12.0,9.0,,7.7730935185,8.338,7.5595,Sim,6.7,Escola Pública,7.5,7.5,9.056,9.0,3.0,Topázio,Ametista,Ametista,Topázio,Topázio,,8.8,Promovido de Fase + Bolsa,Mantido na Fase atual,Promovido de Fase,,Não atendido,E,8.338,Topázio,0,3.0,2.0,2.0,3.0,3.0,0.0,3.0,0.9979447981528642,Alto,1
2022,2013.0,,1,,Avaliador-13,Avaliador-3,,,,,30.0,105.0,2.0,-1.0,Destaque: As suas boas notas na Passos Mágicos.,Destaque: A sua boa entrega das lições de casa.,Destaque: A sua boa integração aos Princípios Passos Mágicos.,,0.0,Fase 1 (4º ano),Masculino,9.0,5.0,9.0,12.0,9.0,,7.7730935185,8.136,7.5595,Não,6.7,Escola Pública,7.5,7.5,9.083,9.2,2.0,,Ametista,Ametista,,Topázio,,8.8,Promovido de Fase,Promovido de Fase,Não avaliado,,Não atendido,U,8.136,,0,0.0,2.0,2.0,0.0,3.0,0.0,0.0,0.9979328478447669,Alto,1
2022,2011.0,,1,,Avaliador-11,Avaliador-3,,,,,22.0,86.0,4.0,-2.0,Destaque: As suas boas notas na Passos Mágicos.,Destaque: A sua boa entrega das lições de casa.,Destaque: A sua boa integração aos Princípios Passos Mágicos.,,0.0,Fase 2 (5º e 6º ano),Feminino,10.0,5.0,9.5,12.0,9.0,,7.7730935185,8.197,7.5595,Sim,6.7,Escola Pública,7.5,7.5,8.417,9.6,2.0,,Ametista,Ametista,,Topázio,,9.4,Promovido de Fase + Bolsa,Mantido na Fase atual,Não avaliado,,Não atendido,K,8.197,,1,0.0,2.0,2.0,0.0,3.0,0.0,0.0,0.9978519541547205,Alto,1
2022,2010.0,,1,,Avaliador-6,Avaliador-27,Avaliador-30,Avaliador-31,,,7.0,27.0,1.0,0.0,Melhorar: Empenhar-se mais nas aulas e avaliações.,Destaque: A sua boa entrega das lições de casa.,Destaque: A sua boa integração aos Princípios Passos Mágicos.,,3.0,Fase 3 (7º e 8º ano),Masculino,10.0,10.0,6.9,12.0,9.4,,7.7730935185,8.62,7.5595,Sim,7.2,Escola Pública,7.5,7.5,8.5,7.0,4.0,,Ametista,Ametista,,Topázio,,6.7,Promovido de Fase + Bolsa,Promovido de Fase + Bolsa,Promovido de Fase + Bolsa,Mantido na Fase atual,Não atendido,E,8.62,,0,0.0,2.0,2.0,0.0,3.0,0.0,0.0,0.9941765644090513,Alto,1
2022,2009.0,,1,,Avaliador-6,Avaliador-27,Avaliador-30,Avaliador-31,,,5.0,23.0,3.0,0.0,Destaque: As suas boas notas na Passos Mágicos.,Destaque: A sua boa entrega das lições de casa.,Destaque: A sua boa integração aos Princípios Passos Mágicos.,,3.0,Fase 3 (7º e 8º ano),Masculino,8.3,10.0,7.6,12.0,9.4,,7.7730935185,8.639,7.5595,Sim,8.0,Escola Pública,7.5,7.5,9.167,8.0,4.0,,Ametista,Ametista,,Topázio,,6.7,Promovido de Fase + Bolsa,Mantido na Fase atual,Promovido de Fase,Promovido de Fase + Bolsa,Não atendido,F,8.639,,0,0.0,2.0,2.0,0.0,3.0,0.0,0.0,0.9939539138268946,Alto,1
2022,2013.0,,1,,Avaliador-13,Avaliador-3,,,,,77.0,275.0,4.0,-1.0,Destaque: As suas boas notas na Passos Mágicos.,Destaque: A sua boa entrega das lições de casa.,Destaque: A sua boa integração aos Princípios Passos Mágicos.,,0.0,Fase 1 (4º ano),Masculino,8.9,5.0,7.5,12.0,9.0,,7.7730935185,7.592,7.5595,Não,6.7,Escola Pública,7.5,6.9,8.417,7.8,2.0,,Ametista,Ametista,,Ametista,,7.2,Promovido de Fase,Promovido de Fase,Não avaliado,,Requer avaliação,S,7.592,,0,0.0,2.0,2.0,0.0,2.0,0.0,0.0,0.993613035108674,Alto,1
2022,2013.0,,1,,Avaliador-13,Avaliador-3,,,,,6.0,32.0,1.0,-1.0,Destaque: As suas boas notas na Passos Mágicos.,Destaque: A sua boa entrega das lições de casa.,Destaque: A sua boa integração aos Princípios Passos Mágicos.,,0.0,Fase 1 (4º ano),Feminino,10.0,5.0,9.6,12.0,9.3,,7.7730935185,8.513,7.5595,Sim,6.7,Escola Pública,7.5,7.5,9.417,9.5,2.0,,Ametista,Ametista,,Topázio,,9.7,Promovido de Fase + Bolsa,Promovido de Fase,Não avaliado,,Sem limitações,S,8.513,,1,0.0,2.0,2.0,0.0,3.0,0.0,0.0,0.9932170826691308,Alto,1
2019,2010.0,,1,,Avaliador-7,Avaliador-3,,,,,50.0,206.0,6.0,-2.0,Destaque: As suas boas notas na Passos Mágicos.,Destaque: A sua boa entrega das lições de casa.,Destaque: A sua boa integração aos Princípios Passos Mágicos.,,1.0,Fase 3 (7º e 8º ano),Feminino,7.5,5.0,8.3,12.0,9.2,,7.7730935185,7.785,7.5595,Sim,6.7,Escola Pública,7.5,7.5,8.389,8.3,3.0,Ametista,Ametista,Ametista,Ametista,Ametista,,8.2,Mantido na Fase + Bolsa,Mantido na Fase atual,Promovido de Fase,,Não atendido,R,7.785,Ametista,1,2.0,2.0,2.0,2.0,2.0,0.0,2.0,0.9928517781398866,Alto,1
2016,2008.0,,1,,Avaliador-6,Avaliador-27,Avaliador-30,Avaliador-31,,,9.0,38.0,5.0,-1.0,Destaque: As suas boas notas na Passos Mágicos.,Destaque: A sua boa entrega das lições de casa.,Destaque: A sua boa integração aos Princípios Passos Mágicos.,,3.0,Fase 4 (9º ano),Masculino,10.0,5.0,7.7,12.0,10.0,,7.7730935185,8.468,7.5595,Não,7.3,Rede Decisão,7.5,7.5,9.125,8.2,4.0,Ametista,Ametista,Ametista,Topázio,Topázio,,7.5,Promovido de Fase + Bolsa,Mantido na Fase atual,Promovido de Fase,Promovido de Fase + Bolsa,Não atendido,F,8.468,Ametista,0,2.0,2.0,2.0,3.0,3.0,0.0,2.0,0.9926724365223776,Alto,1
2021,2014.0,,1,,Avaliador-13,Avaliador-3,,,,,17.0,68.0,2.0,0.0,Destaque: As suas boas notas na Passos Mágicos.,Destaque: A sua boa entrega das lições de casa.,Destaque: A sua boa integração aos Princípios Passos Mágicos.,,0.0,ALFA  (2º e 3º ano),Masculino,10.0,10.0,8.0,12.0,9.3,,7.7730935185,8.264,7.5595,Não,6.7,Rede Decisão,7.5,5.6,8.667,7.8,2.0,,Ametista,Ametista,Topázio,Topázio,,8.2,Promovido de Fase,Promovido de Fase,Não avaliado,,Requer avaliação,O,8.264,,0,0.0,2.0,2.0,3.0,3.0,0.0,0.0,0.991653834573595,Alto,1
2019,2009.0,,1,,Avaliador-6,Avaliador-27,Avaliador-30,Avaliador-31,,,2.0,13.0,1.0,0.0,Melhorar: Empenhar-se mais nas aulas e avaliações.,Destaque: A sua boa entrega das lições de casa.,Destaque: A sua boa integração aos Princípios Passos Mágicos.,,3.0,Fase 3 (7º e 8º ano),Masculino,10.0,10.0,7.2,12.0,9.4,,7.7730935185,8.74,7.5595,Não,6.3,Rede Decisão,7.5,8.8,8.5,8.0,4.0,Topázio,Ametista,Ametista,Topázio,Topázio,,7.2,Promovido de Fase + Bolsa,Promovido de Fase,Promovido de Fase,Promovido de Fase + Bolsa,Não atendido,A,8.74,Topázio,0,3.0,2.0,2.0,3.0,3.0,0.0,3.0,0.9904974310865841,Alto,1
2019,2005.0,,1,,Avaliador-5,Avaliador-27,Avaliador-28,Avaliador-31,,,7.0,177.0,7.0,-1.0,Melhorar: Empenhar-se mais nas aulas e avaliações.,Destaque: A sua boa entrega das lições de casa.,Destaque: A sua boa integração aos Princípios Passos Mágicos.,,6.0,Fase 7 (3º EM),Feminino,9.2,5.0,6.8,12.0,9.0,,7.7730935185,7.876,7.5595,Não,7.8,Rede Decisão,7.5,6.9,8.944,8.5,4.0,Topázio,Ametista,Ametista,Ametista,Ametista,,4.3,Promovido de Fase,Promovido de Fase + Bolsa,Mantido na Fase + Bolsa,Promovido de Fase + Bolsa,Sem limitações,A,7.876,Topázio,1,3.0,2.0,2.0,2.0,2.0,0.0,3.0,0.9898185772463691,Alto,1
2022,2008.0,,1,,Avaliador-6,Avaliador-27,Avaliador-30,Avaliador-31,,,19.0,121.0,6.0,-1.0,Destaque: As suas boas notas na Passos Mágicos.,Destaque: A sua boa entrega das lições de casa.,Destaque: A sua boa integração aos Princípios Passos Mágicos.,,3.0,Fase 4 (9º ano),Feminino,10.0,5.0,7.8,12.0,9.0,,7.7730935185,8.084,7.5595,Sim,8.8,Escola Pública,7.5,7.5,8.417,6.8,4.0,,Ametista,Ametista,,Topázio,,7.7,Promovido de Fase + Bolsa,Promovido de Fase + Bolsa,Promovido de Fase + Bolsa,Promovido de Fase,Não atendido,F,8.084,,1,0.0,2.0,2.0,0.0,3.0,0.0,0.0,0.9892133918631788,Alto,1
2022,2014.0,,1,,Avaliador-11,Avaliador-3,,,,,3.0,28.0,1.0,0.0,Destaque: As suas boas notas na Passos Mágicos.,Destaque: A sua boa entrega das lições de casa.,Destaque: A sua boa integração aos Princípios Passos Mágicos.,,0.0,ALFA  (2º e 3º ano),Feminino,10.0,10.0,8.5,12.0,9.6,,7.7730935185,8.616,7.5595,Não,6.7,Escola Pública,7.5,7.5,8.5,8.8,2.0,,Ametista,Ametista,,Topázio,,8.2,Promovido de Fase,Mantido na Fase atual,Não avaliado,,Não atendido,Z,8.616,,1,0.0,2.0,2.0,0.0,3.0,0.0,0.0,0.9889967264804738,Alto,1
2022,2013.0,,1,,Avaliador-11,Avaliador-3,,,,,18.0,71.0,3.0,-1.0,Destaque: As suas boas notas na Passos Mágicos.,Destaque: A sua boa entrega das lições de casa.,Destaque: A sua boa integração aos Princípios Passos Mágicos.,,0.0,Fase 1 (4º ano),Feminino,9.5,5.0,9.7,12.0,9.3,,7.7730935185,8.26,7.5595,Sim,6.7,Escola Pública,7.5,7.5,8.5,9.9,2.0,,Ametista,Ametista,,Topázio,,9.6,Promovido de Fase + Bolsa,Mantido na Fase atual,Não avaliado,,Não atendido,K,8.26,,1,0.0,2.0,2.0,0.0,3.0,0.0,0.0,0.9884714156681969,Alto,1
2022,2013.0,,1,,Avaliador-13,Avaliador-3,,,,,14.0,54.0,1.0,-1.0,Destaque: As suas boas notas na Passos Mágicos.,Destaque: A sua boa entrega das lições de casa.,Destaque: A sua boa integração aos Princípios Passos Mágicos.,,0.0,Fase 1 (4º ano),Masculino,9.5,5.0,8.2,12.0,10.0,,7.7730935185,8.34,7.5595,Não,6.7,Escola Pública,7.5,7.5,9.25,7.8,2.0,,Ametista,Ametista,,Topázio,,8.5,Promovido de Fase,Promovido de Fase,Não avaliado,,Não atendido,O,8.34,,0,0.0,2.0,2.0,0.0,3.0,0.0,0.0,0.98662132401574,Alto,1
2018,2008.0,,1,,Avaliador-6,Avaliador-27,Avaliador-30,Avaliador-31,,,1.0,18.0,1.0,0.0,Melhorar: Empenhar-se mais nas aulas e avaliações.,Destaque: A sua boa entrega das lições de casa.,Destaque: A sua boa integração aos Princípios Passos Mágicos.,,4.0,Fase 4 (9º ano),Feminino,9.2,10.0,7.3,12.0,8.9,,7.7730935185,8.673,7.5595,Não,8.1,Rede Decisão,7.5,9.4,8.917,6.0,4.0,Ametista,Ametista,Ametista,Topázio,Topázio,,7.7,Promovido de Fase + Bolsa,Mantido na Fase atual,Promovido de Fase,Promovido de Fase + Bolsa,Sem limitações,P,8.673,Ametista,1,2.0,2.0,2.0,3.0,3.0,0.0,2.0,0.9854680087862222,Alto,1
2021,2014.0,,1,,Avaliador-13,Avaliador-3,,,,,13.0,52.0,1.0,0.0,Melhorar: Empenhar-se mais nas aulas e avaliações.,Destaque: A sua boa entrega das lições de casa.,Destaque: A sua boa integração aos Princípios Passos Mágicos.,,0.0,ALFA  (2º e 3º ano),Feminino,10.0,10.0,7.3,12.0,9.4,,7.7730935185,8.358,7.5595,Não,6.7,Escola Pública,7.5,7.5,8.583,7.7,2.0,,Ametista,Ametista,Ametista,Topázio,,6.8,Mantido na Fase atual,Mantido na Fase atual,Não avaliado,,Não atendido,B,8.358,,1,0.0,2.0,2.0,2.0,3.0,0.0,0.0,0.98542639637582,Alto,1
2016,2007.0,,1,,Avaliador-5,Avaliador-27,Avaliador-24,Avaliador-31,,,4.0,6.0,3.0,0.0,Destaque: As suas boas notas na Passos Mágicos.,Destaque: A sua boa entrega das lições de casa.,Destaque: A sua boa integração aos Princípios Passos Mágicos.,,5.0,Fase 5 (1º EM),Feminino,8.3,10.0,8.5,12.0,9.7,,7.7730935185,8.941,7.5595,Não,8.4,Rede Decisão,7.5,8.1,9.083,8.8,4.0,Ametista,Ametista,Ametista,Topázio,Topázio,,8.3,Promovido de Fase,Mantido na Fase atual,Mantido na Fase + Bolsa,Promovido de Fase + Bolsa,Sem limitações,L,8.941,Ametista,1,2.0,2.0,2.0,3.0,3.0,0.0,2.0,0.9828250370054219,Alto,1
2021,2012.0,,1,,Avaliador-4,Avaliador-2,,,,,37.0,146.0,3.0,-1.0,Destaque: As suas boas notas na Passos Mágicos.,Destaque: A sua boa entrega das lições de casa.,Destaque: A sua boa integração aos Princípios Passos Mágicos.,,1.0,Fase 2 (5º e 6º ano),Feminino,10.0,5.0,8.2,12.0,9.6,,7.7730935185,7.988,7.5595,Não,6.7,Rede Decisão,7.5,5.6,8.778,8.2,3.0,,Ametista,Ametista,Topázio,Ametista,,8.2,Promovido de Fase + Bolsa,Promovido de Fase,Promovido de Fase + Bolsa,,Requer avaliação,K,7.988,,1,0.0,2.0,2.0,3.0,2.0,0.0,0.0,0.9826508148148796,Alto,1
2021,2007.0,,1,,Avaliador-6,Avaliador-27,Avaliador-24,Avaliador-31,,,6.0,15.0,1.0,0.0,Destaque: As suas boas notas na Passos Mágicos.,Destaque: A sua boa entrega das lições de casa.,Destaque: A sua boa integração aos Princípios Passos Mágicos.,,5.0,Fase 5 (1º EM),Masculino,8.3,10.0,8.8,12.0,9.6,,7.7730935185,8.712,7.5595,Não,10.0,Rede Decisão,7.5,7.5,8.5,8.3,4.0,,Ametista,Ametista,Ametista,Topázio,,8.0,Promovido de Fase + Bolsa,Mantido na Fase atual,Promovido de Fase + Bolsa,Promovido de Fase + Bolsa,Não atendido,K,8.712,,0,0.0,2.0,2.0,2.0,3.0,0.0,0.0,0.9820260616298857,Alto,1
2016,2005.0,,1,,Avaliador-5,Avaliador-27,Avaliador-28,Avaliador-31,,,12.0,449.0,12.0,-1.0,Destaque: As suas boas notas na Passos Mágicos.,Destaque: A sua boa entrega das lições de casa.,Destaque: A sua boa integração aos Princípios Passos Mágicos.,,6.0,Fase 7 (3º EM),Masculino,0.0,5.0,8.0,12.0,7.6,,7.7730935185,7.124,7.5595,Não,10.0,Rede Decisão,7.5,8.1,9.111,7.7,4.0,Topázio,Ametista,Ametista,Ametista,Ametista,,6.3,Promovido de Fase,Promovido de Fase + Bolsa,Promovido de Fase + Bolsa,Promovido de Fase + Bolsa,Sem limitações,A,7.124,Topázio,0,3.0,2.0,2.0,2.0,2.0,0.0,3.0,0.9815664445609115,Alto,1
2020,2011.0,,1,,Avaliador-7,Avaliador-3,,,,,15.0,70.0,2.0,-1.0,Destaque: As suas boas notas na Passos Mágicos.,Destaque: A sua boa entrega das lições de casa.,Destaque: A sua boa integração aos Princípios Passos Mágicos.,,1.0,Fase 2 (5º e 6º ano),Masculino,9.5,5.0,8.2,12.0,9.9,,7.7730935185,8.261,7.5595,Sim,6.7,Escola Pública,7.5,7.5,8.944,8.3,3.0,Ametista,Ametista,Ametista,Topázio,Topázio,,8.0,Promovido de Fase + Bolsa,Promovido de Fase,Mantido na Fase atual,,Não atendido,J,8.261,Ametista,0,2.0,2.0,2.0,3.0,3.0,0.0,2.0,0.981381441189468,Alto,1
2017,2007.0,,1,,Avaliador-5,Avaliador-27,Avaliador-24,Avaliador-31,,,3.0,3.0,1.0,0.0,Destaque: As suas boas notas na Passos Mágicos.,Destaque: A sua boa entrega das lições de casa.,Destaque: A sua boa integração aos Princípios Passos Mágicos.,,5.0,Fase 5 (1º EM),Feminino,10.0,10.0,8.7,12.0,9.1,,7.7730935185,9.105,7.5595,Não,8.4,Rede Decisão,7.5,8.1,9.292,9.3,4.0,Ametista,Ametista,Ametista,Topázio,Topázio,,8.3,Promovido de Fase + Bolsa,Mantido na Fase atual,Promovido de Fase + Bolsa,Promovido de Fase + Bolsa,Sem limitações,F,9.105,Ametista,1,2.0,2.0,2.0,3.0,3.0,0.0,2.0,0.9801427051196004,Alto,1
2018,2007.0,,1,,Avaliador-5,Avaliador-27,Avaliador-24,Avaliador-31,,,5.0,7.0,4.0,0.0,Destaque: As suas boas notas na Passos Mágicos.,Destaque: A sua boa entrega das lições de casa.,Destaque: A sua boa integração aos Princípios Passos Mágicos.,,5.0,Fase 5 (1º EM),Feminino,8.3,10.0,7.7,12.0,9.6,,7.7730935185,8.921,7.5595,Não,9.5,Rede Decisão,7.5,8.1,9.583,7.0,4.0,Ametista,Ametista,Ametista,Topázio,Topázio,,6.7,Promovido de Fase,Mantido na Fase atual,Mantido na Fase + Bolsa,Promovido de Fase + Bolsa,Sem limitações,L,8.921,Ametista,1,2.0,2.0,2.0,3.0,3.0,0.0,2.0,0.9799811873131573,Alto,1
2018,2009.0,,1,,Avaliador-6,Avaliador-27,Avaliador-30,Avaliador-31,,,12.0,44.0,4.0,0.0,Melhorar: Empenhar-se mais nas aulas e avaliações.,Destaque: A sua boa entrega das lições de casa.,Destaque: A sua boa integração aos Princípios Passos Mágicos.,,3.0,Fase 3 (7º e 8º ano),Feminino,9.6,10.0,6.9,12.0,9.1,,7.7730935185,8.427,7.5595,Não,8.7,Rede Decisão,7.5,5.6,9.083,5.1,4.0,Topázio,Ametista,Ametista,Ametista,Topázio,,6.8,Promovido de Fase + Bolsa,Promovido de Fase,Promovido de Fase,Promovido de Fase + Bolsa,Requer avaliação,A,8.427,Topázio,1,3.0,2.0,2.0,2.0,3.0,0.0,3.0,0.9797026723080379,Alto,1
2018,2010.0,,1,,Avaliador-6,Avaliador-27,Avaliador-30,Avaliador-31,,,8.0,34.0,4.0,0.0,Destaque: As suas boas notas na Passos Mágicos.,Destaque: A sua boa entrega das lições de casa.,Destaque: A sua boa integração aos Princípios Passos Mágicos.,,3.0,Fase 3 (7º e 8º ano),Feminino,7.5,10.0,7.8,12.0,9.4,,7.7730935185,8.51,7.5595,Não,8.7,Rede Decisão,7.5,6.3,9.208,6.7,4.0,Topázio,Ametista,Ametista,Topázio,Topázio,,8.0,Promovido de Fase + Bolsa,Mantido na Fase atual,Promovido de Fase,Promovido de Fase + Bolsa,Requer avaliação,F,8.51,Topázio,1,3.0,2.0,2.0,3.0,3.0,0.0,3.0,0.9777731384424528,Alto,1
2022,2013.0,,1,,Avaliador-11,Avaliador-3,,,,,76.0,272.0,3.0,-1.0,Destaque: As suas boas notas na Passos Mágicos.,Destaque: A sua boa entrega das lições de casa.,Destaque: A sua boa integração aos Princípios Passos Mágicos.,,0.0,Fase 1 (4º ano),Feminino,10.0,5.0,7.9,12.0,7.5,,7.7730935185,7.598,7.5595,Sim,6.7,Escola Pública,7.5,7.5,8.5,9.6,2.0,,Ametista,Ametista,,Ametista,,6.2,Promovido de Fase + Bolsa,Mantido na Fase atual,Não avaliado,,Não avaliado,M,7.598,,1,0.0,2.0,2.0,0.0,2.0,0.0,0.0,0.9776753659598577,Alto,1
2022,2014.0,,1,,Avaliador-11,Avaliador-3,,,,,2.0,21.0,1.0,0.0,Destaque: As suas boas notas na Passos Mágicos.,Destaque: A sua boa entrega das lições de casa.,Destaque: A sua boa integração aos Princípios Passos Mágicos.,,0.0,ALFA  (2º e 3º ano),Feminino,8.5,10.0,9.2,12.0,9.2,,7.7730935185,8.65,7.5595,Sim,6.7,Escola Pública,7.5,8.1,8.583,9.4,2.0,,Ametista,Ametista,,Topázio,,8.9,Promovido de Fase + Bolsa,Mantido na Fase atual,Não avaliado,,Não atendido,A,8.65,,1,0.0,2.0,2.0,0.0,3.0,0.0,0.0,0.976899755175568,Alto,1
2016,2008.0,,1,,Avaliador-6,Avaliador-27,Avaliador-30,Avaliador-31,,,4.0,20.0,2.0,-1.0,Destaque: As suas boas notas na Passos Mágicos.,Destaque: A sua boa entrega das lições de casa.,Destaque: A sua boa integração aos Princípios Passos Mágicos.,,3.0,Fase 4 (9º ano),Masculino,10.0,5.0,8.4,12.0,9.9,,7.7730935185,8.656,7.5595,Não,8.8,Rede Decisão,7.5,7.5,9.25,8.3,4.0,Ametista,Ametista,Ametista,Topázio,Topázio,,8.2,Promovido de Fase + Bolsa,Mantido na Fase atual,Promovido de Fase,Promovido de Fase + Bolsa,Não atendido,F,8.656,Ametista,0,2.0,2.0,2.0,3.0,3.0,0.0,2.0,0.9762385451787664,Alto,1
2016,2010.0,,1,,Avaliador-6,Avaliador-27,Avaliador-30,Avaliador-31,,,16.0,95.0,2.0,0.0,Melhorar: Empenhar-se mais nas aulas e avaliações.,Destaque: A sua boa entrega das lições de casa.,Destaque: A sua boa integração aos Princípios Passos Mágicos.,,3.0,Fase 3 (7º e 8º ano),Masculino,9.2,10.0,6.7,12.0,8.9,,7.7730935185,8.155,7.5595,Não,8.7,Rede Decisão,7.5,5.6,8.5,5.0,4.0,Topázio,Ametista,Ametista,Topázio,Topázio,,6.3,Promovido de Fase + Bolsa,Promovido de Fase,Promovido de Fase,Promovido de Fase + Bolsa,Sem limitações,B,8.155,Topázio,0,3.0,2.0,2.0,3.0,3.0,0.0,3.0,0.9758345884919055,Alto,1
2019,2009.0,,1,,Avaliador-6,Avaliador-27,Avaliador-30,Avaliador-31,,,6.0,25.0,2.0,0.0,Melhorar: Empenhar-se mais nas aulas e avaliações.,Destaque: A sua boa entrega das lições de casa.,Destaque: A sua boa integração aos Princípios Passos Mágicos.,,3.0,Fase 3 (7º e 8º ano),Feminino,9.2,10.0,6.8,12.0,9.5,,7.7730935185,8.623,7.5595,Não,6.2,Rede Decisão,7.5,8.8,8.458,6.8,4.0,Topázio,Ametista,Ametista,Ametista,Topázio,,7.3,Promovido de Fase + Bolsa,Promovido de Fase,Promovido de Fase,Promovido de Fase,Não atendido,A,8.623,Topázio,1,3.0,2.0,2.0,2.0,3.0,0.0,3.0,0.9753583822811559,Alto,1
2018,2006.0,,1,,Avaliador-5,Avaliador-27,Avaliador-24,Avaliador-31,,,8.0,64.0,2.0,-1.0,Destaque: As suas boas notas na Passos Mágicos.,Destaque: A sua boa entrega das lições de casa.,Destaque: A sua boa integração aos Princípios Passos Mágicos.,,5.0,Fase 6 (2º EM),Masculino,8.3,5.0,8.7,12.0,9.1,,7.7730935185,8.282,7.5595,Não,9.7,Rede Decisão,7.5,8.8,9.417,8.2,3.0,Ametista,Ametista,Ametista,Ametista,Topázio,,8.2,Promovido de Fase + Bolsa,Mantido na Fase atual,Promovido de Fase + Bolsa,,Sem limitações,B,8.282,Ametista,0,2.0,2.0,2.0,2.0,3.0,0.0,2.0,0.9753155845993255,Alto,1
2022,2013.0,,1,,Avaliador-11,Avaliador-3,,,,,27.0,97.0,5.0,-1.0,Destaque: As suas boas notas na Passos Mágicos.,Destaque: A sua boa entrega das lições de casa.,Destaque: A sua boa integração aos Princípios Passos Mágicos.,,0.0,Fase 1 (4º ano),Feminino,8.5,5.0,9.5,12.0,8.9,,7.7730935185,8.154,7.5595,Não,6.7,Escola Pública,7.5,7.5,9.083,9.6,2.0,,Ametista,Ametista,,Topázio,,9.3,Promovido de Fase,Mantido na Fase atual,Não avaliado,,Não atendido,Z,8.154,,1,0.0,2.0,2.0,0.0,3.0,0.0,0.0,0.9733338478484166,Alto,1
2022,2012.0,,1,,Avaliador-13,Avaliador-3,,,,,104.0,352.0,6.0,-2.0,Destaque: As suas boas notas na Passos Mágicos.,Melhorar: Melhorar a sua entrega de lições de casa.,Destaque: A sua boa integração aos Princípios Passos Mágicos.,,0.0,Fase 2 (5º e 6º ano),Feminino,9.5,5.0,7.6,12.0,7.0,,7.7730935185,7.412,7.5595,Não,6.7,Escola Pública,7.5,7.5,8.667,7.7,2.0,,Ametista,Ametista,,Ametista,,7.5,Promovido de Fase,Promovido de Fase,Não avaliado,,Não atendido,U,7.412,,1,0.0,2.0,2.0,0.0,2.0,0.0,0.0,0.9726453015989409,Alto,1
2021,2013.0,,1,,Avaliador-5,Avaliador-2,,,,,7.0,50.0,1.0,0.0,Melhorar: Empenhar-se mais nas aulas e avaliações.,Destaque: A sua boa entrega das lições de casa.,Destaque: A sua boa integração aos Princípios Passos Mágicos.,,1.0,Fase 1 (4º ano),Feminino,9.5,10.0,6.9,12.0,9.0,,7.7730935185,8.363,7.5595,Não,6.7,Escola Pública,7.5,7.5,9.083,5.8,2.0,,Ametista,Ametista,Topázio,Topázio,,8.0,Promovido de Fase,Promovido de Fase,Não avaliado,,Não atendido,U,8.363,,1,0.0,2.0,2.0,3.0,3.0,0.0,0.0,0.972471489785522,Alto,1
2022,2013.0,,1,,Avaliador-11,Avaliador-3,,,,,9.0,41.0,2.0,-1.0,Destaque: As suas boas notas na Passos Mágicos.,Destaque: A sua boa entrega das lições de casa.,Destaque: A sua boa integração aos Princípios Passos Mágicos.,,0.0,Fase 1 (4º ano),Feminino,10.0,5.0,9.7,12.0,9.6,,7.7730935185,8.453,7.5595,Não,6.7,Escola Pública,7.5,7.5,9.0,9.7,2.0,,Ametista,Ametista,,Topázio,,9.6,Promovido de Fase,Mantido na Fase atual,Não avaliado,,Não atendido,Z,8.453,,1,0.0,2.0,2.0,0.0,3.0,0.0,0.0,0.9721804452985547,Alto,1
2022,2013.0,,1,,Avaliador-13,Avaliador-3,,,,,40.0,143.0,2.0,-1.0,Melhorar: Empenhar-se mais nas aulas e avaliações.,Destaque: A sua boa entrega das lições de casa.,Destaque: A sua boa integração aos Princípios Passos Mágicos.,,0.0,Fase 1 (4º ano),Masculino,9.0,5.0,7.3,12.0,10.0,,7.7730935185,8.0,7.5595,Não,6.7,Escola Pública,7.5,6.9,9.5,7.5,2.0,,Ametista,Ametista,,Ametista,,7.0,Mantido na Fase atual,Mantido na Fase atual,Não avaliado,,Sem limitações,B,8.0,,0,0.0,2.0,2.0,0.0,2.0,0.0,0.0,0.9714543118262133,Alto,1
2022,2005.0,,1,,Avaliador-6,Avaliador-27,Avaliador-28,Avaliador-31,,,16.0,259.0,1.0,-2.0,Destaque: As suas boas notas na Passos Mágicos.,Destaque: A sua boa entrega das lições de casa.,Destaque: A sua boa integração aos Princípios Passos Mágicos.,,5.0,Fase 7 (3º EM),Feminino,8.3,5.0,7.8,12.0,7.5,,7.7730935185,7.64,7.5595,Sim,8.0,Escola Pública,7.5,7.5,8.667,7.5,4.0,,Ametista,Ametista,,Ametista,,7.8,Promovido de Fase + Bolsa,Mantido na Fase atual,Promovido de Fase + Bolsa,Promovido de Fase,Não atendido,C,7.64,,1,0.0,2.0,2.0,0.0,2.0,0.0,0.0,0.9708590288860832,Alto,1
2021,2009.0,,1,,Avaliador-6,Avaliador-27,Avaliador-30,Avaliador-31,,,10.0,39.0,1.0,0.0,Destaque: As suas boas notas na Passos Mágicos.,Destaque: A sua boa entrega das lições de casa.,Destaque: A sua boa integração aos Princípios Passos Mágicos.,,3.0,Fase 3 (7º e 8º ano),Masculino,9.2,10.0,7.6,12.0,8.8,,7.7730935185,8.465,7.5595,Sim,8.5,Escola Pública,7.5,7.5,8.458,6.7,4.0,,Ametista,Ametista,Topázio,Topázio,,7.5,Promovido de Fase + Bolsa,Promovido de Fase + Bolsa,Promovido de Fase,Promovido de Fase + Bolsa,Não atendido,C,8.465,,0,0.0,2.0,2.0,3.0,3.0,0.0,0.0,0.969518776620681,Alto,1
2017,2007.0,,1,,Avaliador-5,Avaliador-27,Avaliador-24,Avaliador-31,,,2.0,2.0,2.0,0.0,Destaque: As suas boas notas na Passos Mágicos.,Destaque: A sua boa entrega das lições de casa.,Destaque: A sua boa integração aos Princípios Passos Mágicos.,,5.0,Fase 5 (1º EM),Feminino,8.8,10.0,8.5,12.0,10.0,,7.7730935185,9.354,7.5595,Não,8.9,Rede Decisão,7.5,9.4,9.667,8.4,4.0,Topázio,Ametista,Ametista,Topázio,Topázio,,8.2,Promovido de Fase,Mantido na Fase atual,Mantido na Fase + Bolsa,Promovido de Fase + Bolsa,Sem limitações,L,9.354,Topázio,1,3.0,2.0,2.0,3.0,3.0,0.0,3.0,0.9684972677308191,Alto,1
2022,2012.0,,1,,Avaliador-4,Avaliador-2,Avaliador-15,,,,77.0,283.0,5.0,-1.0,Destaque: As suas boas notas na Passos Mágicos.,Destaque: A sua boa entrega das lições de casa.,Destaque: A sua boa integração aos Princípios Passos Mágicos.,,1.0,Fase 2 (5º e 6º ano),Feminino,7.9,5.0,7.7,12.0,8.2,,7.7730935185,7.576,7.5595,Não,6.7,Escola Pública,7.5,7.5,8.722,6.0,3.0,,Ametista,Ametista,,Ametista,,9.3,Mantido na Fase atual,Promovido de Fase,Promovido de Fase,,Não atendido,A,7.576,,1,0.0,2.0,2.0,0.0,2.0,0.0,0.0,0.9677393735070372,Alto,1
2022,2014.0,,1,,Avaliador-11,Avaliador-3,,,,,5.0,30.0,1.0,0.0,Destaque: As suas boas notas na Passos Mágicos.,Destaque: A sua boa entrega das lições de casa.,Destaque: A sua boa integração aos Princípios Passos Mágicos.,,0.0,ALFA  (2º e 3º ano),Feminino,8.5,10.0,9.2,12.0,9.0,,7.7730935185,8.538,7.5595,Sim,6.7,Escola Pública,7.5,7.5,8.417,9.8,2.0,,Ametista,Ametista,,Topázio,,8.5,Promovido de Fase + Bolsa,Mantido na Fase atual,Não avaliado,,Não atendido,Y,8.538,,1,0.0,2.0,2.0,0.0,3.0,0.0,0.0,0.9669528401689051,Alto,1
2021,2006.0,,1,,Avaliador-5,Avaliador-27,Avaliador-24,Avaliador-31,,,19.0,295.0,5.0,-1.0,Melhorar: Empenhar-se mais nas aulas e avaliações.,Destaque: A sua boa entrega das lições de casa.,Destaque: A sua boa integração aos Princípios Passos Mágicos.,,5.0,Fase 6 (2º EM),Masculino,9.2,5.0,6.7,12.0,7.8,,7.7730935185,7.54,7.5595,Sim,8.0,Escola Pública,7.5,6.9,8.5,5.7,4.0,,Ametista,Ametista,Ametista,Ametista,,6.5,Promovido de Fase,Mantido na Fase atual,Promovido de Fase,Promovido de Fase + Bolsa,Sem limitações,L,7.54,,0,0.0,2.0,2.0,2.0,2.0,0.0,0.0,0.9663268916073663,Alto,1
2019,2012.0,,1,,Avaliador-7,Avaliador-3,,,,,3.0,11.0,1.0,-1.0,Destaque: As suas boas notas na Passos Mágicos.,Destaque: A sua boa entrega das lições de casa.,Destaque: A sua boa integração aos Princípios Passos Mágicos.,,1.0,Fase 2 (5º e 6º ano),Masculino,9.5,5.0,9.5,12.0,10.0,,7.7730935185,8.814,7.5595,Sim,6.7,Escola Pública,7.5,8.8,9.611,9.3,3.0,Ametista,Ametista,Ametista,Topázio,Topázio,,9.7,Promovido de Fase + Bolsa,Promovido de Fase,Promovido de Fase + Bolsa,,Sem limitações,J,8.814,Ametista,0,2.0,2.0,2.0,3.0,3.0,0.0,2.0,0.9657041613799292,Alto,1
2021,2005.0,,1,,Avaliador-5,Avaliador-27,Avaliador-28,Avaliador-31,,,6.0,147.0,6.0,-1.0,Melhorar: Empenhar-se mais nas aulas e avaliações.,Destaque: A sua boa entrega das lições de casa.,Destaque: A sua boa integração aos Princípios Passos Mágicos.,,6.0,Fase 7 (3º EM),Feminino,8.3,5.0,6.9,12.0,8.3,,7.7730935185,7.979,7.5595,Sim,7.7,Escola Pública,7.5,8.8,9.667,9.2,4.0,,Ametista,Ametista,Topázio,Ametista,,3.8,Promovido de Fase,Promovido de Fase + Bolsa,Promovido de Fase,Promovido de Fase + Bolsa,Sem limitações,A,7.979,,1,0.0,2.0,2.0,3.0,2.0,0.0,0.0,0.9656280436280591,Alto,1
2019,2008.0,,1,,Avaliador-6,Avaliador-27,Avaliador-30,Avaliador-31,,,5.0,53.0,2.0,0.0,Destaque: As suas boas notas na Passos Mágicos.,Destaque: A sua boa entrega das lições de casa.,Destaque: A sua boa integração aos Princípios Passos Mágicos.,,4.0,Fase 4 (9º ano),Feminino,10.0,10.0,7.7,12.0,8.8,,7.7730935185,8.355,7.5595,Não,9.1,Rede Decisão,7.5,5.6,8.458,6.5,4.0,Topázio,Ametista,Ametista,Ametista,Topázio,,7.5,Promovido de Fase + Bolsa,Promovido de Fase,Promovido de Fase,Promovido de Fase + Bolsa,Sem limitações,F,8.355,Topázio,1,3.0,2.0,2.0,2.0,3.0,0.0,3.0,0.9644546416436558,Alto,1
2018,2009.0,,1,,Avaliador-6,Avaliador-27,Avaliador-30,Avaliador-31,,,3.0,19.0,1.0,0.0,Destaque: As suas boas notas na Passos Mágicos.,Destaque: A sua boa entrega das lições de casa.,Destaque: A sua boa integração aos Princípios Passos Mágicos.,,3.0,Fase 3 (7º e 8º ano),Masculino,9.6,10.0,8.2,12.0,9.7,,7.7730935185,8.673,7.5595,Não,8.7,Rede Decisão,7.5,5.6,8.708,8.7,4.0,Ametista,Ametista,Ametista,Ametista,Topázio,,7.2,Promovido de Fase + Bolsa,Mantido na Fase atual,Promovido de Fase,Promovido de Fase,Requer avaliação,F,8.673,Ametista,0,2.0,2.0,2.0,2.0,3.0,0.0,2.0,0.9622972496801334,Alto,1
2019,2005.0,,1,,Avaliador-5,Avaliador-27,Avaliador-28,Avaliador-31,,,10.0,327.0,10.0,-1.0,Melhorar: Empenhar-se mais nas aulas e avaliações.,Melhorar: Melhorar a sua entrega de lições de casa.,Destaque: A sua boa integração aos Princípios Passos Mágicos.,,6.0,Fase 7 (3º EM),Feminino,8.3,5.0,6.7,12.0,7.4,,7.7730935185,7.474,7.5595,Não,7.8,Rede Decisão,7.5,8.1,8.833,9.0,4.0,Ametista,Ametista,Ametista,Ágata,Ametista,,3.1,Promovido de Fase,Promovido de Fase + Bolsa,Mantido na Fase + Bolsa,Promovido de Fase,Sem limitações,A,7.474,Ametista,1,2.0,2.0,2.0,1.0,2.0,0.0,2.0,0.9617778754600418,Alto,1
2019,2012.0,,1,,Avaliador-4,Avaliador-2,Avaliador-15,,,,6.0,45.0,2.0,-1.0,Destaque: As suas boas notas na Passos Mágicos.,Destaque: A sua boa entrega das lições de casa.,Destaque: A sua boa integração aos Princípios Passos Mágicos.,,1.0,Fase 2 (5º e 6º ano),Feminino,7.5,5.0,9.6,12.0,9.7,,7.7730935185,8.417,7.5595,Não,6.7,Rede Decisão,7.5,7.5,9.333,9.7,3.0,Topázio,Ametista,Ametista,Topázio,Topázio,,9.5,Promovido de Fase + Bolsa,Promovido de Fase,Promovido de Fase + Bolsa,,Não atendido,A,8.417,Topázio,1,3.0,2.0,2.0,3.0,3.0,0.0,3.0,0.9602262049271302,Alto,1
2021,2012.0,,1,,Avaliador-11,Avaliador-3,,,,,69.0,252.0,4.0,-2.0,Destaque: As suas boas notas na Passos Mágicos.,Melhorar: Melhorar a sua entrega de lições de casa.,Destaque: A sua boa integração aos Princípios Passos Mágicos.,,0.0,Fase 2 (5º e 6º ano),Feminino,9.5,5.0,9.1,12.0,6.7,,7.7730935185,7.659,7.5595,Não,6.7,Escola Pública,7.5,7.5,8.417,9.1,2.0,,Ametista,Ametista,Ágata,Ametista,,9.1,Promovido de Fase,Mantido na Fase atual,Não avaliado,,Não atendido,F,7.659,,1,0.0,2.0,2.0,1.0,2.0,0.0,0.0,0.9580150825186088,Alto,1
2021,2013.0,,1,,Avaliador-13,Avaliador-3,,,,,100.0,342.0,3.0,-1.0,Melhorar: Empenhar-se mais nas aulas e avaliações.,Melhorar: Melhorar a sua entrega de lições de casa.,Destaque: A sua boa integração aos Princípios Passos Mágicos.,,0.0,Fase 1 (4º ano),Feminino,10.0,5.0,7.1,12.0,6.7,,7.7730935185,7.432,7.5595,Não,6.7,Escola Pública,7.5,7.5,8.833,6.0,2.0,,Ametista,Ametista,Topázio,Ametista,,8.2,Promovido de Fase,Mantido na Fase atual,Não avaliado,,Não atendido,N,7.432,,1,0.0,2.0,2.0,3.0,2.0,0.0,0.0,0.9579905070401372,Alto,1
2021,2005.0,,1,,Avaliador-5,Avaliador-27,Avaliador-28,Avaliador-31,,,8.0,243.0,8.0,-1.0,Melhorar: Empenhar-se mais nas aulas e avaliações.,Destaque: A sua boa entrega das lições de casa.,Destaque: A sua boa integração aos Princípios Passos Mágicos.,,6.0,Fase 7 (3º EM),Masculino,8.3,5.0,6.7,12.0,8.2,,7.7730935185,7.677,7.5595,Sim,8.2,Escola Pública,7.5,8.1,8.556,7.2,4.0,,Ametista,Ametista,Ametista,Ametista,,4.7,Promovido de Fase,Promovido de Fase + Bolsa,Promovido de Fase + Bolsa,Promovido de Fase + Bolsa,Sem limitações,A,7.677,,0,0.0,2.0,2.0,2.0,2.0,0.0,0.0,0.9567445911595164,Alto,1
2021,2005.0,,1,,Avaliador-6,Avaliador-27,Avaliador-24,Avaliador-31,,,21.0,312.0,4.0,-2.0,Melhorar: Empenhar-se mais nas aulas e avaliações.,Destaque: A sua boa entrega das lições de casa.,Destaque: A sua boa integração aos Princípios Passos Mágicos.,,5.0,Fase 7 (3º EM),Masculino,7.1,5.0,6.5,12.0,9.2,,7.7730935185,7.498,7.5595,Sim,6.4,Escola Pública,7.5,5.6,9.208,6.8,4.0,,Ametista,Ametista,Ametista,Ametista,,6.2,Promovido de Fase + Bolsa,Mantido na Fase atual,Promovido de Fase,Promovido de Fase + Bolsa,Sem limitações,K,7.498,,0,0.0,2.0,2.0,2.0,2.0,0.0,0.0,0.9562343737481682,Alto,1
2019,2005.0,,1,,Avaliador-6,Avaliador-27,Avaliador-30,Avaliador-31,,,18.0,198.0,2.0,-3.0,Destaque: As suas boas notas na Passos Mágicos.,Destaque: A sua boa entrega das lições de casa.,Destaque: A sua boa integração aos Princípios Passos Mágicos.,,4.0,Fase 7 (3º EM),Masculino,8.3,2.5,7.9,12.0,9.2,,7.7730935185,7.816,7.5595,Não,7.1,Rede Decisão,7.5,6.9,9.25,9.0,4.0,Ametista,Ametista,Ametista,Ametista,Ametista,,7.5,Promovido de Fase + Bolsa,Mantido na Fase atual,Promovido de Fase,Promovido de Fase + Bolsa,Requer avaliação,P,7.816,Ametista,0,2.0,2.0,2.0,2.0,2.0,0.0,2.0,0.9550853656232243,Alto,1
2017,2009.0,,1,,Avaliador-5,Avaliador-2,Avaliador-15,,,,27.0,176.0,5.0,-1.0,Destaque: As suas boas notas na Passos Mágicos.,Destaque: A sua boa entrega das lições de casa.,Destaque: A sua boa integração aos Princípios Passos Mágicos.,,2.0,Fase 3 (7º e 8º ano),Masculino,9.5,5.0,7.5,12.0,9.0,,7.7730935185,7.883,7.5595,Não,6.7,Rede Decisão,7.5,8.1,8.5,7.5,3.0,Ametista,Ametista,Ametista,Ametista,Ametista,,7.5,Promovido de Fase + Bolsa,Promovido de Fase,Promovido de Fase,,Sem limitações,A,7.883,Ametista,0,2.0,2.0,2.0,2.0,2.0,0.0,2.0,0.9546278372605613,Alto,1
2018,2010.0,,1,,Avaliador-6,Avaliador-27,Avaliador-30,Avaliador-31,,,11.0,42.0,3.0,0.0,Destaque: As suas boas notas na Passos Mágicos.,Destaque: A sua boa entrega das lições de casa.,Destaque: A sua boa integração aos Princípios Passos Mágicos.,,3.0,Fase 3 (7º e 8º ano),Masculino,9.2,10.0,8.1,12.0,8.3,,7.7730935185,8.442,7.5595,Não,8.3,Rede Decisão,7.5,6.3,8.625,7.7,4.0,Topázio,Ametista,Ametista,Topázio,Topázio,,8.3,Promovido de Fase + Bolsa,Promovido de Fase,Promovido de Fase,Promovido de Fase + Bolsa,Requer avaliação,A,8.442,Topázio,0,3.0,2.0,2.0,3.0,3.0,0.0,3.0,0.9545414471800975,Alto,1
2022,2008.0,,1,,Avaliador-6,Avaliador-30,Avaliador-31,,,,27.0,170.0,1.0,-1.0,Melhorar: Empenhar-se mais nas aulas e avaliações.,Destaque: A sua boa entrega das lições de casa.,Destaque: A sua boa integração aos Princípios Passos Mágicos.,,3.0,Fase 4 (9º ano),Feminino,8.8,5.0,6.4,12.0,10.0,,7.7730935185,7.897,7.5595,Sim,5.7,Escola Pública,7.5,6.9,8.667,7.3,3.0,,Ametista,Ametista,,Ametista,,6.3,Promovido de Fase + Bolsa,Mantido na Fase + Bolsa,Promovido de Fase,Promovido de Fase,Sem limitações,N,7.897,,1,0.0,2.0,2.0,0.0,2.0,0.0,0.0,0.9536472573078545,Alto,1
2020,2012.0,,1,,Avaliador-4,Avaliador-2,Avaliador-15,,,,5.0,40.0,1.0,-1.0,Destaque: As suas boas notas na Passos Mágicos.,Destaque: A sua boa entrega das lições de casa.,Destaque: A sua boa integração aos Princípios Passos Mágicos.,,1.0,Fase 2 (5º e 6º ano),Masculino,8.0,5.0,9.8,12.0,9.2,,7.7730935185,8.465,7.5595,Não,6.7,Rede Decisão,7.5,7.5,9.5,10.0,3.0,Topázio,Ametista,Ametista,Topázio,Topázio,,9.7,Promovido de Fase + Bolsa,Promovido de Fase,Promovido de Fase + Bolsa,,Sem limitações,A,8.465,Topázio,0,3.0,2.0,2.0,3.0,3.0,0.0,3.0,0.9532602974003597,Alto,1
2021,2005.0,,1,,Avaliador-5,Avaliador-27,Avaliador-28,Avaliador-31,,,5.0,119.0,5.0,-1.0,Destaque: As suas boas notas na Passos Mágicos.,Destaque: A sua boa entrega das lições de casa.,Destaque: A sua boa integração aos Princípios Passos Mágicos.,,6.0,Fase 7 (3º EM),Feminino,9.2,5.0,8.6,12.0,7.9,,7.7730935185,8.087,7.5595,Não,9.7,Rede Decisão,7.5,6.9,9.111,10.0,4.0,,Ametista,Ametista,Topázio,Topázio,,6.3,Promovido de Fase,Mantido na Fase atual,Promovido de Fase + Bolsa,Promovido de Fase + Bolsa,Requer avaliação,A,8.087,,1,0.0,2.0,2.0,3.0,3.0,0.0,0.0,0.9493283360453155,Alto,1
2021,2013.0,,1,,Avaliador-4,Avaliador-2,,,,,1.0,4.0,1.0,0.0,Destaque: As suas boas notas na Passos Mágicos.,Destaque: A sua boa entrega das lições de casa.,Destaque: A sua boa integração aos Princípios Passos Mágicos.,,1.0,Fase 1 (4º ano),Feminino,9.5,10.0,9.3,12.0,10.0,,7.7730935185,8.971,7.5595,Sim,6.7,Escola Pública,7.5,7.5,9.0,8.8,3.0,,Ametista,Ametista,Topázio,Topázio,,9.8,Mantido na Fase atual,Promovido de Fase,Promovido de Fase + Bolsa,,Sem limitações,K,8.971,,1,0.0,2.0,2.0,3.0,3.0,0.0,0.0,0.9438855346016242,Alto,1
2019,2012.0,,1,,Avaliador-4,Avaliador-2,,,,,10.0,57.0,1.0,-1.0,Destaque: As suas boas notas na Passos Mágicos.,Destaque: A sua boa entrega das lições de casa.,Destaque: A sua boa integração aos Princípios Passos Mágicos.,,1.0,Fase 2 (5º e 6º ano),Masculino,10.0,5.0,9.4,12.0,8.4,,7.7730935185,8.334,7.5595,Sim,6.7,Escola Pública,7.5,7.5,9.333,10.0,2.0,Ametista,Ametista,Ametista,Topázio,Topázio,,8.8,Promovido de Fase + Bolsa,Promovido de Fase,Não avaliado,,Sem limitações,H,8.334,Ametista,0,2.0,2.0,2.0,3.0,3.0,0.0,2.0,0.9435012813659892,Alto,1
2019,2011.0,,1,,Avaliador-5,Avaliador-2,Avaliador-15,,,,18.0,139.0,1.0,0.0,Destaque: As suas boas notas na Passos Mágicos.,Destaque: A sua boa entrega das lições de casa.,Destaque: A sua boa integração aos Princípios Passos Mágicos.,,2.0,Fase 2 (5º e 6º ano),Masculino,8.0,10.0,7.8,12.0,7.9,,7.7730935185,8.012,7.5595,Não,6.7,Escola Pública,7.5,7.5,8.444,9.3,3.0,Topázio,Ametista,Ametista,Ametista,Ametista,,6.3,Promovido de Fase,Promovido de Fase,Promovido de Fase,,Não atendido,U,8.012,Topázio,0,3.0,2.0,2.0,2.0,2.0,0.0,3.0,0.9420971733461849,Alto,1
2019,2010.0,,1,,Avaliador-5,Avaliador-2,Avaliador-15,,,,55.0,375.0,10.0,-1.0,Melhorar: Empenhar-se mais nas aulas e avaliações.,Destaque: A sua boa entrega das lições de casa.,Destaque: A sua boa integração aos Princípios Passos Mágicos.,,2.0,Fase 3 (7º e 8º ano),Feminino,7.5,5.0,6.9,12.0,9.2,,7.7730935185,7.359,7.5595,Não,6.7,Rede Decisão,7.5,5.6,8.389,5.3,3.0,Ametista,Ametista,Ametista,Ametista,Ametista,,8.5,Mantido na Fase atual,Promovido de Fase,Mantido na Fase atual,,Requer avaliação,L,7.359,Ametista,1,2.0,2.0,2.0,2.0,2.0,0.0,2.0,0.9409017262253243,Alto,1
2019,2011.0,,1,,Avaliador-5,Avaliador-2,Avaliador-15,,,,3.0,36.0,1.0,0.0,Destaque: As suas boas notas na Passos Mágicos.,Destaque: A sua boa entrega das lições de casa.,Destaque: A sua boa integração aos Princípios Passos Mágicos.,,2.0,Fase 2 (5º e 6º ano),Feminino,6.9,10.0,8.1,12.0,9.9,,7.7730935185,8.488,7.5595,Sim,6.7,Escola Pública,7.5,7.5,8.889,7.1,3.0,Topázio,Ametista,Ametista,Ametista,Topázio,,9.2,Promovido de Fase + Bolsa,Promovido de Fase,Promovido de Fase + Bolsa,,Não atendido,B,8.488,Topázio,1,3.0,2.0,2.0,2.0,3.0,0.0,3.0,0.939075234865429,Alto,1
2016,2007.0,,1,,Avaliador-6,Avaliador-27,Avaliador-30,Avaliador-31,,,17.0,189.0,6.0,-1.0,Destaque: As suas boas notas na Passos Mágicos.,Destaque: A sua boa entrega das lições de casa.,Destaque: A sua boa integração aos Princípios Passos Mágicos.,,4.0,Fase 5 (1º EM),Feminino,7.9,5.0,8.5,12.0,7.8,,7.7730935185,7.836,7.5595,Não,9.1,Rede Decisão,7.5,6.3,8.833,9.0,4.0,Ametista,Ametista,Ametista,Ametista,Ametista,,7.5,Promovido de Fase + Bolsa,Mantido na Fase atual,Promovido de Fase,Promovido de Fase + Bolsa,Sem limitações,A,7.836,Ametista,1,2.0,2.0,2.0,2.0,2.0,0.0,2.0,0.9389765184260271,Alto,1
2016,2006.0,,1,,Avaliador-6,Avaliador-27,Avaliador-24,Avaliador-31,,,18.0,286.0,3.0,-1.0,Melhorar: Empenhar-se mais nas aulas e avaliações.,Destaque: A sua boa entrega das lições de casa.,Destaque: A sua boa integração aos Princípios Passos Mágicos.,,5.0,Fase 6 (2º EM),Masculino,7.5,5.0,6.7,12.0,9.6,,7.7730935185,7.566,7.5595,Não,6.9,Rede Decisão,7.5,5.6,8.458,6.2,4.0,Topázio,Ametista,Ametista,Ametista,Ametista,,7.2,Promovido de Fase + Bolsa,Mantido na Fase atual,Promovido de Fase + Bolsa,Mantido na Fase + Bolsa,Sem limitações,K,7.566,Topázio,0,3.0,2.0,2.0,2.0,2.0,0.0,3.0,0.938805710171119,Alto,1
2022,2012.0,,1,,Avaliador-5,Avaliador-2,Avaliador-15,,,,6.0,66.0,1.0,0.0,Melhorar: Empenhar-se mais nas aulas e avaliações.,Destaque: A sua boa entrega das lições de casa.,Destaque: A sua boa integração aos Princípios Passos Mágicos.,,2.0,Fase 2 (5º e 6º ano),Feminino,10.0,10.0,6.8,12.0,9.3,,7.7730935185,8.27,7.5595,Sim,6.7,Escola Pública,7.5,6.9,8.611,6.3,3.0,,Ametista,Ametista,,Topázio,,7.2,Mantido na Fase + Bolsa,Mantido na Fase atual,Mantido na Fase atual,,Sem limitações,A,8.27,,1,0.0,2.0,2.0,0.0,3.0,0.0,0.0,0.9370463402087422,Alto,1
2022,2013.0,,1,,Avaliador-4,Avaliador-2,,,,,21.0,91.0,3.0,0.0,Melhorar: Empenhar-se mais nas aulas e avaliações.,Destaque: A sua boa entrega das lições de casa.,Destaque: A sua boa integração aos Princípios Passos Mágicos.,,1.0,Fase 1 (4º ano),Feminino,9.0,10.0,6.5,12.0,9.6,,7.7730935185,8.18,7.5595,Não,6.7,Escola Pública,7.5,7.5,8.5,6.0,3.0,,Ametista,Ametista,,Topázio,,7.0,Mantido na Fase atual,Promovido de Fase,Mantido na Fase atual,,Sem limitações,L,8.18,,1,0.0,2.0,2.0,0.0,3.0,0.0,0.0,0.9360743138242171,Alto,1
2022,2011.0,,1,,Avaliador-5,Avaliador-27,Avaliador-30,,,,7.0,69.0,1.0,0.0,Destaque: As suas boas notas na Passos Mágicos.,Destaque: A sua boa entrega das lições de casa.,Destaque: A sua boa integração aos Princípios Passos Mágicos.,,2.0,Fase 2 (5º e 6º ano),Feminino,7.0,10.0,7.5,12.0,10.0,,7.7730935185,8.264,7.5595,Não,6.7,Escola Pública,7.5,7.5,8.444,8.0,3.0,,Ametista,Ametista,,Topázio,,7.0,Promovido de Fase,Mantido na Fase atual,Promovido de Fase,,Não atendido,D,8.264,,1,0.0,2.0,2.0,0.0,3.0,0.0,0.0,0.9354980198172769,Alto,1
2019,2004.0,,1,,Avaliador-5,Avaliador-27,Avaliador-28,Avaliador-31,,,1.0,113.0,1.0,-1.0,Melhorar: Empenhar-se mais nas aulas e avaliações.,Destaque: A sua boa entrega das lições de casa.,Destaque: A sua boa integração aos Princípios Passos Mágicos.,,7.0,Fase 8 (Universitários),Feminino,8.8,5.0,6.7,12.0,9.5,,7.7730935185,8.109,7.5595,Sim,8.7,Escola Pública,7.5,7.5,9.5,5.5,4.0,Ametista,Ametista,Ametista,Ametista,Topázio,,6.0,Promovido de Fase,Mantido na Fase atual,Promovido de Fase + Bolsa,Mantido na Fase + Bolsa,Sem limitações,A,8.109,Ametista,1,2.0,2.0,2.0,2.0,3.0,0.0,2.0,0.9350054789394926,Alto,1
2019,2007.0,,1,,Avaliador-6,Avaliador-27,Avaliador-30,Avaliador-31,,,20.0,237.0,4.0,-1.0,Destaque: As suas boas notas na Passos Mágicos.,Destaque: A sua boa entrega das lições de casa.,Destaque: A sua boa integração aos Princípios Passos Mágicos.,,4.0,Fase 5 (1º EM),Feminino,8.3,5.0,8.6,12.0,7.8,,7.7730935185,7.692,7.5595,Sim,9.5,Escola Pública,7.5,5.6,8.583,8.0,4.0,Topázio,Ametista,Ametista,Ametista,Ametista,,8.2,Promovido de Fase + Bolsa,Promovido de Fase + Bolsa,Promovido de Fase + Bolsa,Promovido de Fase + Bolsa,Sem limitações,F,7.692,Topázio,1,3.0,2.0,2.0,2.0,2.0,0.0,3.0,0.9345840654965143,Alto,1
"202300,00%",,,0,,Avaliador-13,Avaliador-3,,,,,67.0,430.5,6.0,0.0,,,,,2.0,ALFA (1° e 2° ano),Masculino,10.0,10.0,7.5,12.0,9.4,9,7.7730935185,7.306,7.5595,,6.7,Pública,7.5,7.5,8.835,7.3,2.0,,Topázio,Ametista,,,,7.7,,,,,,ALFA B - G2/G3,9,,0,0.0,3.0,2.0,0.0,0.0,0.0,0.0,0.9316529569210872,Alto,1
2019,2009.0,,1,,Avaliador-7,Avaliador-3,,,,,20.0,90.0,1.0,-2.0,Destaque: As suas boas notas na Passos Mágicos.,Destaque: A sua boa entrega das lições de casa.,Destaque: A sua boa integração aos Princípios Passos Mágicos.,,1.0,Fase 3 (7º e 8º ano),Masculino,8.5,5.0,8.4,12.0,9.8,,7.7730935185,8.181,7.5595,Sim,6.7,Escola Pública,7.5,8.1,8.389,8.8,3.0,Ametista,Ametista,Ametista,Ametista,Topázio,,8.0,Promovido de Fase + Bolsa,Mantido na Fase atual,Mantido na Fase atual,,Não atendido,R,8.181,Ametista,0,2.0,2.0,2.0,2.0,3.0,0.0,2.0,0.9308490401100894,Alto,1
2022,2010.0,,1,,Avaliador-5,Avaliador-27,Avaliador-15,,,,65.0,432.0,5.0,-1.0,Melhorar: Empenhar-se mais nas aulas e avaliações.,Destaque: A sua boa entrega das lições de casa.,Destaque: A sua boa integração aos Princípios Passos Mágicos.,,2.0,Fase 3 (7º e 8º ano),Feminino,6.4,5.0,7.3,12.0,8.2,,7.7730935185,7.193,7.5595,Não,6.7,Escola Pública,7.5,6.3,8.389,6.0,3.0,,Ametista,Ametista,,Ametista,,8.7,Promovido de Fase,Promovido de Fase,Mantido na Fase atual,,Requer avaliação,Q,7.193,,1,0.0,2.0,2.0,0.0,2.0,0.0,0.0,0.9255602354260359,Alto,1
2017,2007.0,,1,,Avaliador-5,Avaliador-27,Avaliador-24,Avaliador-31,,,10.0,140.0,1.0,0.0,Destaque: As suas boas notas na Passos Mágicos.,Destaque: A sua boa entrega das lições de casa.,Destaque: A sua boa integração aos Princípios Passos Mágicos.,,5.0,Fase 5 (1º EM),Feminino,6.7,10.0,8.1,12.0,8.4,,7.7730935185,8.006,7.5595,Não,9.5,Rede Decisão,7.5,7.5,8.5,6.7,3.0,Ametista,Ametista,Ametista,Ametista,Ametista,,8.0,Promovido de Fase,Mantido na Fase atual,Promovido de Fase + Bolsa,,Sem limitações,A,8.006,Ametista,1,2.0,2.0,2.0,2.0,2.0,0.0,2.0,0.9237464258802269,Alto,1
2021,2006.0,,1,,Avaliador-6,Avaliador-27,Avaliador-30,Avaliador-31,,,4.0,33.0,2.0,-2.0,Destaque: As suas boas notas na Passos Mágicos.,Destaque: A sua boa entrega das lições de casa.,Destaque: A sua boa integração aos Princípios Passos Mágicos.,,4.0,Fase 6 (2º EM),Masculino,8.8,5.0,8.4,12.0,10.0,,7.7730935185,8.512,7.5595,Não,9.9,Rede Decisão,7.5,8.8,8.667,7.8,4.0,,Ametista,Ametista,Ametista,Topázio,,7.5,Promovido de Fase + Bolsa,Mantido na Fase atual,Promovido de Fase,Promovido de Fase + Bolsa,Sem limitações,A,8.512,,0,0.0,2.0,2.0,2.0,3.0,0.0,0.0,0.9191118034424802,Alto,1
2021,2012.0,,1,,Avaliador-4,Avaliador-2,Avaliador-15,,,,81.0,309.0,6.0,-1.0,Melhorar: Empenhar-se mais nas aulas e avaliações.,Destaque: A sua boa entrega das lições de casa.,Destaque: A sua boa integração aos Princípios Passos Mágicos.,,1.0,Fase 2 (5º e 6º ano),Feminino,9.0,5.0,6.3,12.0,8.8,,7.7730935185,7.502,7.5595,Sim,6.7,Escola Pública,7.5,7.5,8.444,6.8,3.0,,Ametista,Ametista,Ametista,Ametista,,5.7,Mantido na Fase atual,Promovido de Fase,Promovido de Fase + Bolsa,,Não atendido,A,7.502,,1,0.0,2.0,2.0,2.0,2.0,0.0,0.0,0.9175147634436915,Alto,1
2019,2005.0,,1,,Avaliador-5,Avaliador-27,Avaliador-28,Avaliador-31,,,2.0,9.0,2.0,-1.0,Destaque: As suas boas notas na Passos Mágicos.,Destaque: A sua boa entrega das lições de casa.,Destaque: A sua boa integração aos Princípios Passos Mágicos.,,6.0,Fase 7 (3º EM),Feminino,10.0,5.0,8.0,12.0,9.5,,7.7730935185,8.843,7.5595,Não,9.3,Rede Decisão,7.5,9.4,10.0,9.0,4.0,Topázio,Ametista,Ametista,Topázio,Topázio,,5.7,Promovido de Fase,Promovido de Fase + Bolsa,Promovido de Fase + Bolsa,Promovido de Fase + Bolsa,Sem limitações,A,8.843,Topázio,1,3.0,2.0,2.0,3.0,3.0,0.0,3.0,0.9159484385442049,Alto,1
2022,2005.0,,1,,Avaliador-5,Avaliador-27,Avaliador-28,Avaliador-31,,,3.0,17.0,3.0,-1.0,Destaque: As suas boas notas na Passos Mágicos.,Destaque: A sua boa entrega das lições de casa.,Destaque: A sua boa integração aos Princípios Passos Mágicos.,,6.0,Fase 7 (3º EM),Masculino,9.6,5.0,8.0,12.0,8.8,,7.7730935185,8.677,7.5595,Sim,10.0,Escola Pública,7.5,10.0,10.0,9.5,4.0,,Ametista,Ametista,,Topázio,,4.4,Promovido de Fase,Promovido de Fase + Bolsa,Mantido na Fase + Bolsa,Promovido de Fase + Bolsa,Sem limitações,A,8.677,,0,0.0,2.0,2.0,0.0,3.0,0.0,0.0,0.9114565427713919,Alto,1
2022,2011.0,,1,,Avaliador-13,Avaliador-3,,,,,88.0,306.0,5.0,-2.0,Melhorar: Empenhar-se mais nas aulas e avaliações.,Destaque: A sua boa entrega das lições de casa.,Destaque: A sua boa integração aos Princípios Passos Mágicos.,,0.0,Fase 2 (5º e 6º ano),Feminino,9.5,5.0,6.5,12.0,8.7,,7.7730935185,7.507,7.5595,Não,6.7,Escola Pública,7.5,7.5,8.5,6.3,2.0,,Ametista,Ametista,,Ametista,,6.7,Promovido de Fase,Promovido de Fase,Não avaliado,,Não atendido,O,7.507,,1,0.0,2.0,2.0,0.0,2.0,0.0,0.0,0.9087942437416707,Alto,1
2023,,,0,,Avaliador-11,Avaliador-3,,,,,67.0,430.5,6.0,0.0,,,,,2.0,ALFA (1° e 2° ano),Feminino,8.5,10.0,8.1,12.0,9.4,9,7.7730935185,7.306,7.5595,,6.7,Pública,7.5,7.5,9.0,7.6,2.0,,Topázio,Ametista,,,,8.5,,,,,,ALFA C - G0/G1,9,,1,0.0,3.0,2.0,0.0,0.0,0.0,0.0,0.9055542708157617,Alto,1
2021,2011.0,,1,,Avaliador-5,Avaliador-2,Avaliador-15,,,,2.0,14.0,1.0,0.0,Destaque: As suas boas notas na Passos Mágicos.,Destaque: A sua boa entrega das lições de casa.,Destaque: A sua boa integração aos Princípios Passos Mágicos.,,2.0,Fase 2 (5º e 6º ano),Masculino,8.5,10.0,8.8,12.0,9.3,,7.7730935185,8.717,7.5595,Sim,6.7,Escola Pública,7.5,7.5,9.111,9.2,3.0,,Ametista,Ametista,Topázio,Topázio,,8.5,Promovido de Fase + Bolsa,Promovido de Fase,Mantido na Fase atual,,Não atendido,L,8.717,,0,0.0,2.0,2.0,3.0,3.0,0.0,0.0,0.9030030474315899,Alto,1
2019,2005.0,,1,,Avaliador-5,Avaliador-27,Avaliador-28,Avaliador-31,,,1.0,5.0,1.0,-1.0,Destaque: As suas boas notas na Passos Mágicos.,Destaque: A sua boa entrega das lições de casa.,Destaque: A sua boa integração aos Princípios Passos Mágicos.,,6.0,Fase 7 (3º EM),Feminino,10.0,5.0,8.5,12.0,9.6,,7.7730935185,8.965,7.5595,Não,9.3,Rede Decisão,7.5,9.4,10.0,9.0,4.0,Ametista,Ametista,Ametista,Topázio,Topázio,,7.1,Promovido de Fase,Promovido de Fase + Bolsa,Promovido de Fase + Bolsa,Promovido de Fase + Bolsa,Sem limitações,A,8.965,Ametista,1,2.0,2.0,2.0,3.0,3.0,0.0,2.0,0.9000648880773444,Alto,1
2022,2011.0,,1,,Avaliador-5,Avaliador-27,Avaliador-30,,,,10.0,84.0,2.0,0.0,Melhorar: Empenhar-se mais nas aulas e avaliações.,Destaque: A sua boa entrega das lições de casa.,Destaque: A sua boa integração aos Princípios Passos Mágicos.,,2.0,Fase 2 (5º e 6º ano),Feminino,10.0,10.0,6.5,12.0,8.8,,7.7730935185,8.206,7.5595,Não,6.7,Escola Pública,7.5,7.5,8.611,7.0,3.0,,Ametista,Ametista,,Topázio,,6.0,Promovido de Fase,Mantido na Fase atual,Mantido na Fase atual,,Não atendido,D,8.206,,1,0.0,2.0,2.0,0.0,3.0,0.0,0.0,0.899208512282535,Alto,1
2019,2011.0,,1,,Avaliador-5,Avaliador-27,Avaliador-30,,,,31.0,191.0,4.0,0.0,Melhorar: Empenhar-se mais nas aulas e avaliações.,Destaque: A sua boa entrega das lições de casa.,Destaque: A sua boa integração aos Princípios Passos Mágicos.,,2.0,Fase 2 (5º e 6º ano),Masculino,9.0,10.0,7.0,12.0,8.1,,7.7730935185,7.834,7.5595,Não,6.7,Escola Pública,7.5,5.6,8.389,7.3,3.0,Ametista,Ametista,Ametista,Ametista,Ametista,,6.7,Promovido de Fase,Mantido na Fase atual,Promovido de Fase,,Requer avaliação,D,7.834,Ametista,0,2.0,2.0,2.0,2.0,2.0,0.0,2.0,0.8983631084231302,Alto,1
2022,2014.0,,1,,Avaliador-11,Avaliador-3,,,,,7.0,35.0,2.0,0.0,Destaque: As suas boas notas na Passos Mágicos.,Destaque: A sua boa entrega das lições de casa.,Destaque: A sua boa integração aos Princípios Passos Mágicos.,,0.0,ALFA  (2º e 3º ano),Feminino,10.0,10.0,8.7,12.0,8.8,,7.7730935185,8.491,7.5595,Não,6.7,Escola Pública,7.5,7.5,8.417,9.1,2.0,,Ametista,Ametista,,Topázio,,8.3,Mantido na Fase atual,Mantido na Fase atual,Não avaliado,,Não atendido,Y,8.491,,1,0.0,2.0,2.0,0.0,3.0,0.0,0.0,0.8912240883240731,Alto,1
2022,2009.0,,1,,Avaliador-5,Avaliador-2,Avaliador-15,,,,4.0,43.0,2.0,-1.0,Destaque: As suas boas notas na Passos Mágicos.,Destaque: A sua boa entrega das lições de casa.,Destaque: A sua boa integração aos Princípios Passos Mágicos.,,2.0,Fase 3 (7º e 8º ano),Feminino,10.0,5.0,8.0,12.0,10.0,,7.7730935185,8.428,7.5595,Não,6.7,Escola Pública,7.5,7.5,9.556,6.0,3.0,,Ametista,Ametista,,Topázio,,10.0,Promovido de Fase,Promovido de Fase,Mantido na Fase atual,,Não atendido,L,8.428,,1,0.0,2.0,2.0,0.0,3.0,0.0,0.0,0.891170664000225,Alto,1
2019,2011.0,,1,,Avaliador-4,Avaliador-2,,,,,56.0,218.0,1.0,-1.0,Destaque: As suas boas notas na Passos Mágicos.,Destaque: A sua boa entrega das lições de casa.,Destaque: A sua boa integração aos Princípios Passos Mágicos.,,1.0,Fase 2 (5º e 6º ano),Feminino,9.5,5.0,7.6,12.0,9.7,,7.7730935185,7.745,7.5595,Não,6.7,Escola Pública,7.5,5.0,8.833,7.3,2.0,Ágata,Ametista,Ametista,Ágata,Ametista,,7.8,Promovido de Fase,Promovido de Fase,Não avaliado,,Não indicado,G,7.745,Ágata,1,1.0,2.0,2.0,1.0,2.0,0.0,1.0,0.881271922362852,Alto,1
2022,2013.0,,1,,Avaliador-11,Avaliador-3,,,,,97.0,330.0,4.0,-1.0,Melhorar: Empenhar-se mais nas aulas e avaliações.,Melhorar: Melhorar a sua entrega de lições de casa.,Destaque: A sua boa integração aos Princípios Passos Mágicos.,,0.0,Fase 1 (4º ano),Masculino,10.0,5.0,6.3,12.0,7.4,,7.7730935185,7.461,7.5595,Sim,6.7,Escola Pública,7.5,7.5,9.417,6.6,2.0,,Ametista,Ametista,,Ametista,,5.9,Promovido de Fase + Bolsa,Mantido na Fase atual,Não avaliado,,Não atendido,V,7.461,,0,0.0,2.0,2.0,0.0,2.0,0.0,0.0,0.8811893876338899,Alto,1
2022,2008.0,,1,,Avaliador-6,Avaliador-30,Avaliador-31,,,,28.0,174.0,2.0,-1.0,Melhorar: Empenhar-se mais nas aulas e avaliações.,Destaque: A sua boa entrega das lições de casa.,Destaque: A sua boa integração aos Princípios Passos Mágicos.,,3.0,Fase 4 (9º ano),Feminino,10.0,5.0,6.1,12.0,10.0,,7.7730935185,7.889,7.5595,Sim,4.7,Escola Pública,7.5,6.9,8.389,7.0,3.0,,Ametista,Ametista,,Ametista,,6.5,Promovido de Fase + Bolsa,Mantido na Fase + Bolsa,Promovido de Fase,Promovido de Fase,Não atendido,N,7.889,,1,0.0,2.0,2.0,0.0,2.0,0.0,0.0,0.8643618752481572,Alto,1
"202300,00%",,,0,,Avaliador-11,Avaliador-3,,,,,67.0,430.5,6.0,0.0,,,,,2.0,ALFA (1° e 2° ano),Masculino,9.0,10.0,8.8,12.0,10.0,9,7.7730935185,7.306,7.5595,,6.7,Pública,7.5,7.5,8.83,8.2,2.0,,Topázio,Ametista,,,,9.3,,,,,,ALFA C - G0/G1,9,,0,0.0,3.0,2.0,0.0,0.0,0.0,0.0,0.8616468572073401,Alto,1
2022,,,0,Cursando,Avaliador-20,Avaliador-21,Avaliador-26,Avaliador-10,,,67.0,430.5,6.0,0.0,,,,EE Maria André Schunck Dona,2.0,Fase 3 (7° e 8° ano),Masculino,10.0,10.0,7.2,12.0,7.9,,8.0,7.929,8.72,,6.0,Pública,7.5,7.5,8.4,10.0,4.0,,Ametista,Topázio,,Ametista,Topázio,5.5,,,,,,3L,8.0,,0,0.0,2.0,3.0,0.0,2.0,3.0,0.0,0.8558742684892742,Alto,1
2020,2009.0,,1,,Avaliador-6,Avaliador-27,Avaliador-30,Avaliador-31,,,2.0,22.0,1.0,1.0,Destaque: As suas boas notas na Passos Mágicos.,Destaque: A sua boa entrega das lições de casa.,Destaque: A sua boa integração aos Princípios Passos Mágicos.,,4.0,Fase 3 (7º e 8º ano),Feminino,7.5,10.0,8.0,12.0,9.4,,7.7730935185,8.646,7.5595,Não,9.7,Rede Decisão,7.5,8.1,8.667,6.7,4.0,Ametista,Ametista,Ametista,Topázio,Topázio,,7.5,Promovido de Fase + Bolsa,Mantido na Fase atual,Promovido de Fase,Promovido de Fase + Bolsa,Sem limitações,A,8.646,Ametista,1,2.0,2.0,2.0,3.0,3.0,0.0,2.0,0.8516243886266203,Alto,1
2023,,,0,Cursando,Avaliador-23,Avaliador-26,Avaliador-22,Avaliador-1,Avaliador-5,,67.0,430.5,6.0,-1.0,,,,EE Mario Francisco de Amorim,2.0,Fase 6 (2° EM),Masculino,8.8,5.0,8.3,12.0,9.7,,8.093474603,7.306,7.066,,8.0,Pública,7.5,6.3,8.7,9.0,5.0,,Ametista,Topázio,,,Ametista,8.0,,,,,,5D,8.093474603,,0,0.0,2.0,3.0,0.0,0.0,2.0,0.0,0.8309108854109627,Alto,1
2022,2014.0,,1,,Avaliador-11,Avaliador-3,,,,,8.0,37.0,2.0,0.0,Destaque: As suas boas notas na Passos Mágicos.,Destaque: A sua boa entrega das lições de casa.,Destaque: A sua boa integração aos Princípios Passos Mágicos.,,0.0,ALFA  (2º e 3º ano),Feminino,9.5,10.0,9.1,12.0,8.6,,7.7730935185,8.481,7.5595,Sim,6.7,Escola Pública,7.5,7.5,8.417,9.4,2.0,,Ametista,Ametista,,Topázio,,8.8,Promovido de Fase + Bolsa,Mantido na Fase atual,Não avaliado,,Não atendido,K,8.481,,1,0.0,2.0,2.0,0.0,3.0,0.0,0.0,0.8223026509421127,Alto,1
"202300,00%",,,0,,Avaliador-11,Avaliador-3,,,,,67.0,430.5,6.0,0.0,,,,,2.0,ALFA (1° e 2° ano),Feminino,10.0,10.0,8.4,12.0,8.4,9,7.7730935185,7.306,7.5595,,6.7,Pública,7.5,7.5,8.67,8.1,2.0,,Topázio,Ametista,,,,8.7,,,,,,ALFA H - G0/G1,9,,1,0.0,3.0,2.0,0.0,0.0,0.0,0.0,0.8216129160489812,Alto,1
"202300,00%",,,0,,Avaliador-11,Avaliador-2,,,,,67.0,430.5,6.0,0.0,,,,,2.0,ALFA (1° e 2° ano),Feminino,0.0,10.0,6.3,12.0,7.6,7,7.7730935185,7.306,7.5595,,6.7,Pública,7.5,8.1,8.5,7.0,2.0,,Ametista,Ametista,,,,5.5,,,,,,ALFA A - G0/G1,7,,1,0.0,2.0,2.0,0.0,0.0,0.0,0.0,0.8139853367173804,Alto,1
2017,2005.0,,1,,Avaliador-5,Avaliador-27,Avaliador-28,Avaliador-31,,,4.0,31.0,4.0,-1.0,Destaque: As suas boas notas na Passos Mágicos.,Destaque: A sua boa entrega das lições de casa.,Destaque: A sua boa integração aos Princípios Passos Mágicos.,,6.0,Fase 7 (3º EM),Feminino,9.2,5.0,8.6,12.0,8.9,,7.7730935185,8.523,7.5595,Não,9.7,Rede Decisão,7.5,7.5,9.833,9.0,4.0,Ametista,Ametista,Ametista,Ametista,Topázio,,7.0,Promovido de Fase,Promovido de Fase + Bolsa,Promovido de Fase + Bolsa,Promovido de Fase + Bolsa,Não indicado,A,8.523,Ametista,1,2.0,2.0,2.0,2.0,3.0,0.0,2.0,0.8038390260188036,Alto,1
2022,2012.0,,1,,Avaliador-5,Avaliador-2,Avaliador-15,,,,42.0,265.0,6.0,0.0,Melhorar: Empenhar-se mais nas aulas e avaliações.,Melhorar: Melhorar a sua entrega de lições de casa.,Destaque: A sua boa integração aos Princípios Passos Mágicos.,,2.0,Fase 2 (5º e 6º ano),Masculino,9.5,10.0,6.0,12.0,6.8,,7.7730935185,7.619,7.5595,Sim,6.7,Escola Pública,7.5,7.5,8.444,6.0,3.0,,Ametista,Ametista,,Ametista,,6.0,Mantido na Fase + Bolsa,Mantido na Fase atual,Mantido na Fase atual,,Sem limitações,A,7.619,,0,0.0,2.0,2.0,0.0,2.0,0.0,0.0,0.7884811949934013,Alto,1
2018,2010.0,,1,,Avaliador-6,Avaliador-27,Avaliador-30,Avaliador-31,,,17.0,106.0,3.0,0.0,Melhorar: Empenhar-se mais nas aulas e avaliações.,Destaque: A sua boa entrega das lições de casa.,Destaque: A sua boa integração aos Princípios Passos Mágicos.,,3.0,Fase 3 (7º e 8º ano),Masculino,9.2,10.0,5.1,12.0,9.1,,7.7730935185,8.124,7.5595,Não,5.3,Rede Decisão,7.5,7.5,8.625,4.0,4.0,Ametista,Ametista,Ametista,Topázio,Topázio,,6.0,Promovido de Fase + Bolsa,Promovido de Fase,Promovido de Fase,Promovido de Fase + Bolsa,Não atendido,B,8.124,Ametista,0,2.0,2.0,2.0,3.0,3.0,0.0,2.0,0.7773545638970742,Alto,1
2016,2007.0,,1,,Avaliador-6,Avaliador-27,Avaliador-30,Avaliador-31,,,13.0,148.0,5.0,-1.0,Melhorar: Empenhar-se mais nas aulas e avaliações.,Destaque: A sua boa entrega das lições de casa.,Destaque: A sua boa integração aos Princípios Passos Mágicos.,,4.0,Fase 5 (1º EM),Feminino,9.2,5.0,7.4,12.0,8.0,,7.7730935185,7.973,7.5595,Não,7.2,Rede Decisão,7.5,9.4,8.375,7.8,4.0,Topázio,Ametista,Ametista,Ametista,Ametista,,7.2,Promovido de Fase + Bolsa,Mantido na Fase atual,Promovido de Fase,Promovido de Fase + Bolsa,Sem limitações,A,7.973,Topázio,1,3.0,2.0,2.0,2.0,2.0,0.0,3.0,0.7706069849891306,Alto,1
2019,2009.0,,1,,Avaliador-5,Avaliador-27,Avaliador-24,Avaliador-31,,,1.0,1.0,1.0,2.0,Destaque: As suas boas notas na Passos Mágicos.,Destaque: A sua boa entrega das lições de casa.,Destaque: A sua boa integração aos Princípios Passos Mágicos.,,5.0,Fase 3 (7º e 8º ano),Feminino,10.0,10.0,8.5,12.0,9.7,,7.7730935185,9.442,7.5595,Não,9.8,Rede Decisão,7.5,9.4,9.75,7.7,4.0,Topázio,Ametista,Ametista,Topázio,Topázio,,8.0,Promovido de Fase,Mantido na Fase atual,Mantido na Fase + Bolsa,Promovido de Fase + Bolsa,Sem limitações,L,9.442,Topázio,1,3.0,2.0,2.0,3.0,3.0,0.0,3.0,0.7666078824237968,Alto,1
2019,2009.0,,1,,Avaliador-6,Avaliador-27,Avaliador-30,Avaliador-31,,,3.0,24.0,1.0,1.0,Destaque: As suas boas notas na Passos Mágicos.,Destaque: A sua boa entrega das lições de casa.,Destaque: A sua boa integração aos Princípios Passos Mágicos.,,4.0,Fase 3 (7º e 8º ano),Masculino,8.3,10.0,7.9,12.0,9.9,,7.7730935185,8.638,7.5595,Não,6.4,Rede Decisão,7.5,5.6,9.5,9.7,4.0,Topázio,Ametista,Ametista,Topázio,Topázio,,7.7,Promovido de Fase + Bolsa,Promovido de Fase,Promovido de Fase,Promovido de Fase + Bolsa,Sem limitações,F,8.638,Topázio,0,3.0,2.0,2.0,3.0,3.0,0.0,3.0,0.7398426206227103,Alto,1
2023,,,0,,Avaliador-11,Avaliador-2,,,,,67.0,430.5,6.0,0.0,,,,,2.0,ALFA (1° e 2° ano),Feminino,0.0,10.0,8.6,12.0,8.3,8,7.7730935185,7.306,7.5595,,6.7,Pública,7.5,8.8,8.415,8.2,2.0,,Ametista,Ametista,,,,8.9,,,,,,ALFA A - G0/G1,8,,1,0.0,2.0,2.0,0.0,0.0,0.0,0.0,0.7185838273461218,Alto,1
2022,2010.0,,1,,Avaliador-5,Avaliador-2,Avaliador-15,,,,9.0,80.0,2.0,-1.0,Destaque: As suas boas notas na Passos Mágicos.,Destaque: A sua boa entrega das lições de casa.,Destaque: A sua boa integração aos Princípios Passos Mágicos.,,2.0,Fase 3 (7º e 8º ano),Feminino,10.0,5.0,9.0,12.0,9.7,,7.7730935185,8.22,7.5595,Sim,6.7,Escola Pública,7.5,5.0,8.944,8.7,3.0,,Ametista,Ametista,,Topázio,,9.3,Promovido de Fase + Bolsa,Promovido de Fase,Promovido de Fase,,Requer avaliação,A,8.22,,1,0.0,2.0,2.0,0.0,3.0,0.0,0.0,0.7141264003929887,Alto,1
